ZN,INDUS,CHAS,NOX,RM,AGE,DIS,RAD,PTRATIO,MEDV,CAT. MEDV,CRIM_log,TAX_log,LSTAT_log
18.0,2.31,0,0.538,6.575,65.2,4.09,1,15.3,24.0,0,0.006300112548479854,5.6937321388027,1.7884205679625405
0.0,7.07,0,0.469,6.421,78.9,4.9671,2,17.8,21.6,0,0.026943735447546184,5.493061443340548,2.316487998163037
0.0,7.07,0,0.469,7.185,61.1,4.9671,2,17.8,34.7,0,0.026924266937859983,5.493061443340548,1.6154199841116479
0.0,2.18,0,0.458,6.998,45.8,6.0622,3,18.7,33.4,0,0.031857129935659596,5.407171771460119,1.3711807233098425
0.0,2.18,0,0.458,7.147,54.2,6.0622,3,18.7,36.2,0,0.06677040363385237,5.407171771460119,1.8453002361560848
0.0,2.18,0,0.458,6.43,58.7,6.0622,3,18.7,28.7,0,0.029413160568349615,5.407171771460119,1.8261608959453874
12.5,7.87,0,0.524,6.012,66.6,5.5605,5,15.2,22.9,0,0.08460765703482563,5.7430031878094825,2.5974910105351463
12.5,7.87,0,0.524,6.172,96.1,5.9505,5,15.2,27.1,0,0.13501154665587695,5.7430031878094825,3.0032042883926917
12.5,7.87,0,0.524,5.631,100.0,6.0821,5,15.2,16.5,0,0.19164462825480602,5.7430031878094825,3.4317265866969784
12.5,7.87,0,0.524,6.004,85.9,6.5921,5,15.2,18.9,0,0.15703793625945525,5.7430031878094825,2.89591193827178
12.5,7.87,0,0.524,6.377,94.3,6.3467,5,15.2,15.0,0,0.20285104404642812,5.7430031878094825,3.065724645374026
12.5,7.87,0,0.524,6.009,82.9,6.2267,5,15.2,18.9,0,0.11106720150765238,5.7430031878094825,2.658159431488745
12.5,7.87,0,0.524,5.889,39.0,5.4509,5,15.2,21.7,0,0.08963958688495932,5.7430031878094825,2.8160073426073025
0.0,8.14,0,0.538,5.949,61.8,4.7075,4,21.0,20.4,0,0.48843276471410274,5.730099782973574,2.225704048658088
0.0,8.14,0,0.538,6.096,84.5,4.4619,4,21.0,18.2,0,0.493451565108284,5.730099782973574,2.421256622711544
0.0,8.14,0,0.538,5.834,56.5,4.4986,4,21.0,19.9,0,0.4869775044907406,5.730099782973574,2.248128907197987
0.0,8.14,0,0.538,5.935,29.3,4.4986,4,21.0,23.1,0,0.719755031081429,5.730099782973574,2.0255131996542803
0.0,8.14,0,0.538,5.99,81.7,4.2579,4,21.0,17.5,0,0.5789701354975461,5.730099782973574,2.7517480563679295
0.0,8.14,0,0.538,5.456,36.6,3.7965,4,21.0,20.2,0,0.5892910882451726,5.730099782973574,2.540814281726296
0.0,8.14,0,0.538,5.727,69.5,3.7965,4,21.0,18.2,0,0.5456907110920701,5.730099782973574,2.5079719227189963
0.0,8.14,0,0.538,5.57,98.1,3.7979,4,21.0,13.6,0,0.8117254554853013,5.730099782973574,3.091951131294534
0.0,8.14,0,0.538,5.965,89.2,4.0123,4,21.0,19.6,0,0.6162877342628865,5.730099782973574,2.696652156149841
0.0,8.14,0,0.538,6.142,91.7,3.9769,4,21.0,15.2,0,0.8031085958282843,5.730099782973574,2.9816333491744893
0.0,8.14,0,0.538,5.813,100.0,4.0952,4,21.0,14.5,0,0.6873453826321089,5.730099782973574,3.038791763014438
0.0,8.14,0,0.538,5.924,94.1,4.3996,4,21.0,15.6,0,0.5597643483283525,5.730099782973574,2.8507065015037334
0.0,8.14,0,0.538,5.599,85.7,4.4546,4,21.0,13.9,0,0.6100590068254429,5.730099782973574,2.8627721462977607
0.0,8.14,0,0.538,5.813,90.3,4.682,4,21.0,16.6,0,0.5139666854625483,5.730099782973574,2.7606426512213806
0.0,8.14,0,0.538,6.047,88.8,4.4534,4,21.0,14.8,0,0.6707839777866772,5.730099782973574,2.905807566026004
0.0,8.14,0,0.538,6.495,94.4,4.4547,4,21.0,18.4,0,0.5726673869182406,5.730099782973574,2.624668592163159
0.0,8.14,0,0.538,6.674,87.3,4.239,4,21.0,21.0,0,0.6943714308596382,5.730099782973574,2.563409711275944
0.0,8.14,0,0.538,5.713,94.1,4.233,4,21.0,12.7,0,0.7565021891227188,5.730099782973574,3.1612467120315646
0.0,8.14,0,0.538,6.072,100.0,4.175,4,21.0,14.5,0,0.8564218244336657,5.730099782973574,2.641910398597665
0.0,8.14,0,0.538,5.95,82.0,3.99,4,21.0,13.2,0,0.8704520079168975,5.730099782973574,3.3572454941329726
0.0,8.14,0,0.538,5.701,95.0,3.7872,4,21.0,13.1,0,0.7662675223101358,5.730099782973574,2.962692419475791
0.0,8.14,0,0.538,6.096,96.9,3.7598,4,21.0,13.5,0,0.9604300978281596,5.730099782973574,3.060583245873607
0.0,5.96,0,0.499,5.933,68.2,3.3603,5,19.2,18.9,0,0.06219515259296706,5.634789603169249,2.3683728335320486
0.0,5.96,0,0.499,5.841,61.4,3.3779,5,19.2,20.0,0,0.0929801947688742,5.634789603169249,2.5185025992165158
0.0,5.96,0,0.499,5.85,41.5,3.9342,5,19.2,21.0,0,0.07709066236456355,5.634789603169249,2.2793164660546914
0.0,5.96,0,0.499,5.966,30.2,3.8473,5,19.2,24.7,0,0.1613106998822503,5.634789603169249,2.4096441652874536
31.25,2.95,0,0.428,6.595,21.8,5.4011,3,18.3,30.8,0,0.02725518006645146,5.53338948872752,1.6714733033535532
31.25,2.95,0,0.428,7.024,15.8,5.4011,3,18.3,34.9,0,0.03303817907679737,5.53338948872752,1.091923300517313
0.0,6.91,0,0.448,6.77,2.9,5.7209,3,17.9,26.6,0,0.11994957590111856,5.455321115357702,1.7647307968401356
0.0,6.91,0,0.448,6.169,6.6,5.7209,3,17.9,25.3,0,0.13234318698771316,5.455321115357702,1.918392120161421
0.0,6.91,0,0.448,6.211,6.5,5.7209,3,17.9,24.7,0,0.14786812872457536,5.455321115357702,2.132982308607866
0.0,6.91,0,0.448,6.069,40.0,5.7209,3,17.9,21.2,0,0.11572759134397043,5.455321115357702,2.3561258599220753
0.0,6.91,0,0.448,5.682,33.8,5.1004,3,17.9,19.3,0,0.15821668811495349,5.455321115357702,2.4168062370840686
0.0,6.91,0,0.448,5.786,33.3,5.1004,3,17.9,20.0,0,0.17257420533907458,5.455321115357702,2.7180005319553784
0.0,6.91,0,0.448,6.03,85.5,5.6894,3,17.9,16.6,0,0.20642049726093953,5.455321115357702,2.9856819377004897
0.0,6.91,0,0.448,5.399,95.3,5.87,3,17.9,14.4,0,0.2262347685752403,5.455321115357702,3.4597807057610526
0.0,6.91,0,0.448,5.602,62.0,6.0877,3,17.9,19.4,0,0.1986623163820069,5.455321115357702,2.8449093838194073
21.0,5.64,0,0.439,5.963,45.7,6.8147,4,16.8,19.7,0,0.0850118793258392,5.497168225293202,2.670694414558441
21.0,5.64,0,0.439,6.115,63.0,6.8147,4,16.8,20.5,0,0.04245585903639239,5.497168225293202,2.344686269012681
21.0,5.64,0,0.439,6.511,21.1,6.8147,4,16.8,25.0,0,0.05221287144693424,5.497168225293202,1.8373699804801074
21.0,5.64,0,0.439,5.998,21.4,6.8147,4,16.8,23.4,0,0.04860919541462225,5.497168225293202,2.2438960966453663
31.25,4.0,0,0.41,5.888,47.6,7.3197,3,21.1,18.9,0,0.013508350024792243,6.152732694704104,2.760009940032921
31.25,1.22,0,0.403,7.249,21.9,8.6966,5,17.9,35.4,0,0.013024807722689456,5.424950017481403,1.7595805708638197
31.25,0.74,0,0.41,6.383,35.7,9.1876,2,17.3,24.7,0,0.02034169765791456,5.749392985908253,1.9125010869241836
31.25,1.32,0,0.411,6.816,40.5,8.3248,5,15.1,31.6,0,0.0142184372375555,5.54907608489522,1.599387576580599
25.0,5.13,0,0.453,6.145,29.2,7.8148,8,19.7,23.3,0,0.1436240400828755,5.652489180268651,2.061786606441115
25.0,5.13,0,0.453,5.927,47.2,6.932,8,19.7,19.6,0,0.09828756118394519,5.652489180268651,2.3243465847755584
25.0,5.13,0,0.453,5.741,66.2,7.2254,8,19.7,18.7,0,0.13917046313797143,5.652489180268651,2.649714624089247
25.0,5.13,0,0.453,5.966,93.4,6.8185,8,19.7,16.0,0,0.15846422026338805,5.652489180268651,2.73696154459663
25.0,5.13,0,0.453,6.456,67.8,7.2255,8,19.7,22.2,0,0.1046032289886448,5.652489180268651,2.0451088625993306
25.0,5.13,0,0.453,6.762,43.4,7.9809,8,19.7,25.0,0,0.11911548089016206,5.652489180268651,2.3513752571634776
17.5,1.38,0,0.4161,7.104,59.5,9.2229,3,18.6,33.0,0,0.019322119714037037,5.37989735354046,2.2027647577118348
31.25,3.37,0,0.398,6.29,17.8,6.6115,4,16.1,23.5,0,0.03521269175574247,5.823045895483019,1.7351891177396608
31.25,3.37,0,0.398,5.787,31.1,6.6115,4,16.1,19.4,0,0.042858319801900656,5.823045895483019,2.419478844465545
12.5,6.07,0,0.409,5.878,21.4,6.498,4,18.9,22.0,0,0.05627635827662477,5.846438775057725,2.2082744135228043
12.5,6.07,0,0.409,5.594,36.8,6.498,4,18.9,17.4,0,0.1271083087153749,5.846438775057725,2.645465325910589
12.5,6.07,0,0.409,5.885,33.0,6.498,4,18.9,20.9,0,0.1205879869885934,5.846438775057725,2.281361456542419
0.0,10.81,0,0.413,6.417,6.6,5.2873,4,19.2,24.2,0,0.08458009047306331,5.723585101952381,2.0438143640366846
0.0,10.81,0,0.413,5.961,17.5,5.2873,4,19.2,21.7,0,0.14735046784990224,5.723585101952381,2.3869262414277967
0.0,10.81,0,0.413,6.065,7.8,5.2873,4,19.2,22.8,0,0.08768115263983375,5.723585101952381,1.8748743759385615
0.0,10.81,0,0.413,6.245,6.2,5.2873,4,19.2,23.4,0,0.17847249197232393,5.723585101952381,2.1447610078004784
0.0,12.83,0,0.437,6.273,6.0,4.2515,5,18.7,24.1,0,0.07599761422646512,5.988961416889864,2.0515563381903004
0.0,12.83,0,0.437,6.286,45.0,4.5026,5,18.7,21.4,0,0.09086394630511975,5.988961416889864,2.2965670206684825
0.0,12.83,0,0.437,6.279,74.5,4.0522,5,18.7,20.0,0,0.09670012247721363,5.988961416889864,2.5626389983283526
0.0,12.83,0,0.437,6.14,45.8,4.0905,5,18.7,20.8,0,0.08348600348975033,5.988961416889864,2.422144328051685
0.0,12.83,0,0.437,6.232,53.7,5.0141,5,18.7,21.2,0,0.054923696495899246,5.988961416889864,2.590767040487478
0.0,12.83,0,0.437,5.874,36.6,4.5026,5,18.7,20.3,0,0.08053796962647085,5.988961416889864,2.312535423847214
25.0,4.86,0,0.426,6.727,33.5,5.4007,4,19.0,28.0,0,0.04030666175913415,5.641907070938114,1.8389610707123492
25.0,4.86,0,0.426,6.619,70.4,5.4007,4,19.0,23.9,0,0.043653182921403064,5.641907070938114,2.1065702090680882
25.0,4.86,0,0.426,6.302,32.2,5.4007,4,19.0,24.8,0,0.03593647980430559,5.641907070938114,2.0438143640366846
25.0,4.86,0,0.426,6.167,46.7,5.4007,4,19.0,22.9,0,0.03489405897732069,5.641907070938114,2.1412419425852827
0.0,4.49,0,0.449,6.389,48.0,4.7794,3,18.5,23.9,0,0.04935191112196916,5.5134287461649825,2.362739015813793
0.0,4.49,0,0.449,6.63,56.1,4.4377,3,18.5,26.6,0,0.055765777905857246,5.5134287461649825,2.018895041811802
0.0,4.49,0,0.449,6.015,45.1,4.4272,3,18.5,22.5,0,0.050579039368154076,5.5134287461649825,2.6290069937617573
0.0,4.49,0,0.449,6.121,56.8,3.7476,3,18.5,22.2,0,0.06906886859909778,5.5134287461649825,2.244955980157409
0.0,3.41,0,0.489,7.007,86.3,3.4217,2,17.8,23.6,0,0.0550562057480784,5.602118820879701,1.8718021769015913
0.0,3.41,0,0.489,7.079,63.1,3.4145,2,17.8,28.7,0,0.051662226323793706,5.602118820879701,1.9021075263969205
0.0,3.41,0,0.489,6.417,66.1,3.0923,2,17.8,22.6,0,0.0457761026365836,5.602118820879701,2.2834022735772717
0.0,3.41,0,0.489,6.405,73.9,3.0921,2,17.8,22.0,0,0.038566653148816674,5.602118820879701,2.2192034840549946
28.0,15.04,0,0.464,6.442,53.6,3.6659,4,18.2,22.9,0,0.0411707337036766,5.602118820879701,2.214846178686039
28.0,15.04,0,0.464,6.211,28.9,3.6659,4,18.2,25.0,0,0.028344473009142515,5.602118820879701,1.9754689512968577
28.0,15.04,0,0.464,6.249,77.3,3.615,4,18.2,20.6,0,0.04204364799767933,5.602118820879701,2.4501426573516603
0.0,2.89,0,0.445,6.625,57.8,3.4952,2,18.0,28.4,0,0.11514845708892209,5.6240175061873385,2.0347056478384444
0.0,2.89,0,0.445,6.163,69.6,3.4952,2,18.0,21.4,0,0.10889027870807165,5.6240175061873385,2.5128460184772416
0.0,2.89,0,0.445,7.730500000000001,76.0,3.4952,2,18.0,36.962500000000006,0,0.11406948227773037,5.6240175061873385,1.6505798557652755
0.0,2.89,0,0.445,7.730500000000001,36.9,3.4952,2,18.0,36.962500000000006,0,0.0786910253316489,5.6240175061873385,1.5195132049061133
0.0,2.89,0,0.445,7.416,62.5,3.4952,2,18.0,33.2,0,0.06634938054153391,5.6240175061873385,1.9726911717329554
0.0,8.56,0,0.52,6.727,79.9,2.7778,5,20.9,27.5,0,0.13859604559025773,5.953243334287785,2.343727036325221
0.0,8.56,0,0.52,6.781,71.3,2.8561,5,20.9,26.5,0,0.10824435339763891,5.953243334287785,2.1598687907924505
0.0,8.56,0,0.52,6.405,85.4,2.7147,5,20.9,18.6,0,0.20600553079810677,5.953243334287785,2.453587966530573
0.0,8.56,0,0.52,6.137,87.4,2.7147,5,20.9,19.3,0,0.19195005368591092,5.953243334287785,2.67000213346468
0.0,8.56,0,0.52,6.167,90.0,2.421,5,20.9,20.1,0,0.1306773236416162,5.953243334287785,2.5900171341906173
0.0,8.56,0,0.52,5.851,96.7,2.1069,5,20.9,19.5,0,0.12453353302656035,5.953243334287785,2.8604851241459652
0.0,8.56,0,0.52,5.836,91.9,2.211,5,20.9,19.5,0,0.15802886422491005,5.953243334287785,2.9785861147190205
0.0,8.56,0,0.52,6.127,85.2,2.1224,5,20.9,20.4,0,0.12325249529930257,5.953243334287785,2.7140322727797574
0.0,8.56,0,0.52,6.474,97.1,2.4329,5,20.9,19.8,0,0.12046388341513765,5.953243334287785,2.5855058483441162
0.0,8.56,0,0.52,6.229,91.2,2.5451,5,20.9,19.4,0,0.23398853135437192,5.953243334287785,2.806386101823072
0.0,8.56,0,0.52,6.195,54.4,2.7778,5,20.9,21.7,0,0.1024934094340411,5.953243334287785,2.6390573296152584
0.0,10.01,0,0.547,6.715,81.6,2.6775,6,17.8,22.8,0,0.09607352474606409,6.07073772800249,2.412335956953165
0.0,10.01,0,0.547,5.913,92.9,2.3534,6,17.8,18.8,0,0.11626187928444467,6.07073772800249,2.845490610223448
0.0,10.01,0,0.547,6.092,95.4,2.548,6,17.8,18.7,0,0.20058705560079915,6.07073772800249,2.895359299407204
0.0,10.01,0,0.547,6.254,84.2,2.2565,6,17.8,18.5,0,0.13305252798715148,6.07073772800249,2.4379897300002487
0.0,10.01,0,0.547,5.928,88.2,2.4631,6,17.8,18.3,0,0.15814839260023486,6.07073772800249,2.818995095053937
0.0,10.01,0,0.547,6.176,72.5,2.7301,6,17.8,21.2,0,0.12361488619930212,6.07073772800249,2.5680215564985067
0.0,10.01,0,0.547,6.021,82.6,2.7474,6,17.8,19.2,0,0.1406137533941644,6.07073772800249,2.424802725718295
0.0,10.01,0,0.547,5.872,73.1,2.4775,6,17.8,20.4,0,0.12273077538031703,6.07073772800249,2.7954503913830435
0.0,10.01,0,0.547,5.731,65.2,2.7592,6,17.8,19.3,0,0.13519500804868875,6.07073772800249,2.681706225762608
0.0,25.65,0,0.581,5.87,69.7,2.2577,2,19.1,22.0,0,0.06671427746220379,5.241747015059643,2.7324175575505043
0.0,25.65,0,0.581,6.004,84.1,2.1974,2,19.1,20.3,0,0.06919951680100443,5.241747015059643,2.725890119230541
0.0,25.65,0,0.581,5.961,92.9,2.0869,2,19.1,20.5,0,0.08891706002171539,5.241747015059643,2.9407479652212314
0.0,25.65,0,0.581,5.856,97.0,1.9444,2,19.1,17.3,0,0.14009232257621806,5.241747015059643,3.273742726309041
0.0,25.65,0,0.581,5.879,95.8,2.0063,2,19.1,18.8,0,0.09393650947837956,5.241747015059643,2.922085733385692
0.0,25.65,0,0.581,5.986,88.4,1.9929,2,19.1,21.4,0,0.15616579098344338,5.241747015059643,2.7606426512213806
0.0,25.65,0,0.581,5.613,95.6,1.7572,2,19.1,15.7,0,0.3273954526862417,5.241747015059643,3.3414473772563813
0.0,21.89,0,0.624,5.693,96.0,1.7883,4,21.2,16.2,0,0.23043689014167512,6.082218910376446,2.900871992530031
0.0,21.89,0,0.624,6.431,98.8,1.8125,4,21.2,18.0,0,0.2817369350921532,6.082218910376446,2.7966713927557385
0.0,21.89,0,0.624,5.637,94.7,1.9799,4,21.2,14.3,0,0.6319364495150488,6.082218910376446,2.9621754900251482
0.0,21.89,0,0.624,6.458,98.9,2.1185,4,21.2,19.2,0,0.29271438907980246,6.082218910376446,2.6100697927420065
0.0,21.89,0,0.624,6.326,97.7,2.271,4,21.2,19.6,0,0.7852431092803437,6.082218910376446,2.5847519847577165
0.0,21.89,0,0.624,6.372,97.9,2.3274,4,21.2,23.0,0,0.46376546227858856,6.082218910376446,2.4948569806411682
0.0,21.89,0,0.624,5.822,95.4,2.4699,4,21.2,18.4,0,0.2850435947287374,6.082218910376446,2.7744619666214616
0.0,21.89,0,0.624,5.757,98.4,2.346,4,21.2,15.6,0,0.6811606280137663,6.082218910376446,2.907447358686419
0.0,21.89,0,0.624,6.335,98.2,2.1107,4,21.2,18.1,0,0.44326173080273074,6.082218910376446,2.8881470628740535
0.0,21.89,0,0.624,5.942,93.5,1.9669,4,21.2,17.4,0,0.2796297392609525,6.082218910376446,2.884800712846709
0.0,21.89,0,0.624,6.454,98.4,1.8498,4,21.2,17.1,0,0.3018290306776389,6.082218910376446,2.7466296830696852
0.0,21.89,0,0.624,5.857,98.2,1.6686,4,21.2,13.3,0,0.22298353851284425,6.082218910376446,3.1054831375131102
0.0,21.89,0,0.624,6.151,97.9,1.6687,4,21.2,17.8,0,0.43471318246714963,6.082218910376446,2.968361076757859
0.0,21.89,0,0.624,6.174,93.6,1.6119,4,21.2,14.0,0,0.2553396495305266,6.082218910376446,3.22525543183224
0.0,21.89,0,0.624,5.019,100.0,1.4394,4,21.2,14.4,0,0.9664666021758896,6.082218910376446,3.495370551679405
0.0,19.58,0,0.871,5.403,100.0,1.3216,5,14.7,13.4,0,1.4634984282783583,6.0014148779611505,3.325755186495297
0.0,19.58,0,0.871,5.468,100.0,1.4118,5,14.7,15.6,0,1.6287306058145095,6.0014148779611505,3.3112726741341683
0.0,19.58,0,0.871,4.903,97.8,1.3459,5,14.7,11.8,0,1.3296552241970494,6.0014148779611505,3.410817625039146
0.0,19.58,0,0.871,6.13,100.0,1.4191,5,14.7,13.8,0,1.2176804241557975,6.0014148779611505,3.3603753871419
0.0,19.58,0,0.871,5.628,100.0,1.5166,5,14.7,15.6,0,1.1490043437281394,6.0014148779611505,2.8707357833793057
0.0,19.58,0,0.871,4.926,95.7,1.4608,5,14.7,14.6,0,1.2145031649491107,6.0014148779611505,3.4187098067467865
0.0,19.58,0,0.871,5.186,93.8,1.5296,5,14.7,17.8,0,1.2032695571055652,6.0014148779611505,3.3782698770184507
0.0,19.58,0,0.871,5.597,94.9,1.5257,5,14.7,15.4,0,1.317472010807663,6.0014148779611505,3.1112906141882632
0.0,19.58,0,0.871,6.122,97.3,1.618,5,14.7,21.5,0,0.977047109716266,6.0014148779611505,2.714694743820879
0.0,19.58,0,0.871,5.404,100.0,1.5916,5,14.7,19.6,0,0.9148176474178114,6.0014148779611505,2.658859956911438
0.0,19.58,0,0.871,5.012,88.0,1.6102,5,14.7,15.3,0,0.754515055507092,6.0014148779611505,2.574137783515943
0.0,19.58,0,0.871,5.709,98.5,1.6232,5,14.7,19.4,0,1.1471421014887528,6.0014148779611505,2.8207834710894493
0.0,19.58,0,0.871,6.129,96.0,1.7494,5,14.7,17.0,0,0.8812229832136547,6.0014148779611505,2.780060737078482
0.0,19.58,0,0.871,6.152,82.6,1.7455,5,14.7,15.6,0,1.5118272886363335,6.0014148779611505,2.7738379416402132
0.0,19.58,0,0.871,5.272,94.0,1.7364,5,14.7,13.1,0,1.2374114488766446,6.0014148779611505,2.8414149131696336
0.0,19.58,0,0.605,6.943,97.4,1.8773,5,14.7,36.962500000000006,0,0.7991185096332698,6.0014148779611505,1.7209792871670078
0.0,19.58,0,0.605,6.066,100.0,1.7573,5,14.7,24.3,0,0.8513638686748988,6.0014148779611505,2.005525858729668
0.0,19.58,0,0.871,6.51,100.0,1.7659,5,14.7,23.3,0,0.8858397717781171,6.0014148779611505,2.127040520479115
0.0,19.58,0,0.605,6.25,92.6,1.7984,5,14.7,27.0,0,0.8213029001101178,6.0014148779611505,1.8718021769015913
0.0,19.58,0,0.605,7.489,90.8,1.9709,5,14.7,36.962500000000006,0,0.9015262716731895,6.0014148779611505,1.0043016091968684
0.0,19.58,0,0.605,7.730500000000001,98.2,2.0407,5,14.7,36.962500000000006,0,1.0416079806003153,6.0014148779611505,1.0715836162801904
0.0,19.58,0,0.605,7.730500000000001,93.9,2.162,5,14.7,36.962500000000006,0,0.9238699369975489,6.0014148779611505,1.463255402256019
0.0,19.58,0,0.605,5.854,91.8,2.422,5,14.7,22.7,0,1.176301459715032,6.0014148779611505,2.5368663887187113
0.0,19.58,0,0.605,6.101,93.0,2.2834,5,14.7,25.0,0,1.3671115417031166,6.0014148779611505,2.3804716316511167
0.0,19.58,0,0.605,7.730500000000001,96.2,2.0459,5,14.7,36.962500000000006,0,1.1020031996922046,6.0014148779611505,1.547562508716013
0.0,19.58,0,0.605,5.877,79.2,2.4259,5,14.7,23.8,0,1.0297194121814914,6.0014148779611505,2.5756610130564646
0.0,19.58,0,0.605,6.319,96.1,2.1,5,14.7,23.8,0,1.194043673248051,6.0014148779611505,2.4932054526026954
0.0,19.58,0,0.605,6.402,95.2,2.2625,5,14.7,22.3,0,1.2382379898788045,6.0014148779611505,2.511223958105374
0.0,19.58,0,0.605,5.875,94.6,2.4259,5,14.7,17.4,0,0.7918244127486899,6.0014148779611505,2.7363136663750693
0.0,19.58,0,0.605,5.88,97.3,2.3887,5,14.7,19.1,0,1.1981257435340087,6.0014148779611505,2.567254391136754
0.0,4.05,0,0.51,5.572,88.5,2.5961,5,16.6,23.1,0,0.13027359174921221,5.6937321388027,2.753023566744941
0.0,4.05,0,0.51,6.416,84.1,2.6463,5,16.6,23.6,0,0.08780939182440828,5.6937321388027,2.306577114263583
0.0,4.05,0,0.51,5.859,68.7,2.7019,5,16.6,22.6,0,0.08109138838488845,5.6937321388027,2.3646204839134985
0.0,4.05,0,0.51,6.546,33.1,3.1323,5,16.6,29.4,0,0.06451352082506596,5.6937321388027,1.8453002361560848
0.0,4.05,0,0.51,6.02,47.2,3.5549,5,16.6,23.2,0,0.06786423481612996,5.6937321388027,2.4078456036515385
0.0,4.05,0,0.51,6.315,73.4,3.3175,5,16.6,24.6,0,0.05282961364453219,5.6937321388027,1.986503546020567
0.0,4.05,0,0.51,6.86,74.4,2.9153,5,16.6,29.9,0,0.06430724439516707,5.6937321388027,2.0693912058263346
0.0,2.46,0,0.488,6.98,58.4,2.829,3,17.8,36.962500000000006,0,0.05619127964974249,5.267858159063328,1.7984040119467235
0.0,2.46,0,0.488,7.730500000000001,83.3,2.741,3,17.8,36.962500000000006,0,0.06380074905066188,5.267858159063328,2.1471001901536506
0.0,2.46,0,0.488,6.144,62.2,2.5979,3,17.8,36.2,0,0.06661137129850153,5.267858159063328,2.34660197841082
0.0,2.46,0,0.488,7.155,92.2,2.7006,3,17.8,36.962500000000006,0,0.087122204181403,5.267858159063328,1.7613002617433464
0.0,2.46,0,0.488,6.563,95.6,2.847,3,17.8,32.5,0,0.09538290443255226,5.267858159063328,1.8991179875485542
0.0,2.46,0,0.488,5.604,89.8,2.9879,3,17.8,26.4,0,0.07980883417341514,5.267858159063328,2.7067159780890733
0.0,2.46,0,0.488,6.153,68.8,3.2797,3,17.8,29.6,0,0.058712206079331676,5.267858159063328,2.649714624089247
0.0,2.46,0,0.488,7.730500000000001,53.6,3.1992,3,17.8,36.962500000000006,0,0.05450712449866107,5.267858159063328,1.6956156086751528
31.25,3.44,0,0.437,6.782,41.1,3.7886,5,15.2,32.0,0,0.07580296341550066,5.988961416889864,2.038619547159581
31.25,3.44,0,0.437,6.556,29.1,4.5667,5,15.2,29.8,0,0.11848501143594592,5.988961416889864,1.715598108262491
31.25,3.44,0,0.437,7.185,38.9,4.5667,5,15.2,34.9,0,0.08038111194681245,5.988961416889864,1.8547342683894434
31.25,3.44,0,0.437,6.951,21.5,6.4798,5,15.2,36.962500000000006,0,0.08680135493654229,5.988961416889864,1.8082887711792655
31.25,3.44,0,0.437,6.739,30.8,6.4798,5,15.2,30.5,0,0.06682652665553059,5.988961416889864,1.7387102481382397
31.25,3.44,0,0.437,7.178,26.3,6.4798,5,15.2,36.4,0,0.08309036653209825,5.988961416889864,1.3532545070416904
31.25,2.93,0,0.401,6.8,9.9,6.2196,1,15.6,31.1,0,0.021634282125149704,5.583496308781699,1.7967470107390942
31.25,2.93,0,0.401,6.604,18.8,6.2196,1,15.6,29.1,0,0.01428744660806955,5.583496308781699,1.682688374173693
31.25,0.46,0,0.422,7.730500000000001,32.0,5.6484,4,14.4,36.962500000000006,0,0.01371551088594122,5.545177444479562,1.3787660946990992
31.25,1.52,0,0.404,7.287,34.1,7.309,2,13.199999999999998,33.3,0,0.039326476790879826,5.799092654460526,1.6253112615903906
31.25,1.52,0,0.404,7.107,36.6,7.309,2,13.199999999999998,30.3,0,0.04560414180501583,5.799092654460526,2.262804222982201
31.25,1.52,0,0.404,7.274,38.3,7.309,2,13.199999999999998,34.6,0,0.036987452050280596,5.799092654460526,2.030776369698555
31.25,1.47,0,0.403,6.975,15.3,7.6534,3,17.0,34.9,0,0.03101405352916946,5.998936561946683,1.715598108262491
31.25,1.47,0,0.403,7.135,13.9,7.6534,3,17.0,32.9,0,0.017623784753549428,5.998936561946683,1.6956156086751528
31.25,2.03,0,0.415,6.162,38.4,6.27,2,14.7,24.1,0,0.0338698845076152,5.855071922202427,2.131796772013764
31.25,2.03,0,0.415,7.61,15.7,6.27,2,14.7,36.962500000000006,0,0.021536417530524612,5.855071922202427,1.413423028508143
31.25,2.68,0,0.4161,7.730500000000001,33.2,5.118,4,14.7,36.962500000000006,0,0.034498040407567446,5.41610040220442,1.57069708411767
31.25,2.68,0,0.4161,7.730500000000001,31.9,5.118,4,14.7,36.962500000000006,0,0.019890858697792765,5.41610040220442,1.355835153635182
0.0,10.59,0,0.489,5.891,22.3,3.9454,4,18.6,22.6,0,0.12788297027984558,5.627621113690637,2.4740142086215764
0.0,10.59,0,0.489,6.326,52.5,4.3549,4,18.6,24.4,0,0.20676210509846787,5.627621113690637,2.482403519569882
0.0,10.59,0,0.489,5.783,72.7,4.3549,4,18.6,22.5,0,0.22473428542556148,5.627621113690637,2.947591898226056
0.0,10.59,0,0.489,6.064,59.1,4.2392,4,18.6,24.4,0,0.12739887713087175,5.627621113690637,2.751109690562657
0.0,10.59,0,0.489,5.344,100.0,3.875,4,18.6,20.0,0,0.3616595003706892,5.627621113690637,3.18179681662678
0.0,10.59,0,0.489,5.96,92.1,3.8771,4,18.6,21.7,0,0.1608084674913248,5.627621113690637,2.9052603703899154
0.0,10.59,0,0.489,5.404,88.6,3.665,4,18.6,19.3,0,0.31902084300745703,5.627621113690637,3.2180755046974316
0.0,10.59,0,0.489,5.807,53.8,3.6526,4,18.6,22.4,0,0.19654492343019744,5.627621113690637,2.834976494674597
0.0,10.59,0,0.489,6.375,32.3,3.9454,4,18.6,28.1,0,0.1314842987568961,5.627621113690637,2.3398808777377424
0.0,10.59,0,0.489,5.412,9.8,3.5875,4,18.6,23.7,0,0.2542933203064257,5.627621113690637,3.4193646856176043
0.0,10.59,0,0.489,6.182,42.4,3.9454,4,18.6,25.0,0,0.18067019404472417,5.627621113690637,2.3485140248824456
0.0,13.89,0,0.55,5.888,56.0,3.1121,5,16.4,23.3,0,0.04459088332787514,5.6240175061873385,2.6748380668960965
0.0,13.89,0,0.55,6.642,85.1,3.4211,5,16.4,28.7,0,0.06778013642095809,5.6240175061873385,2.3693087250369538
0.0,13.89,0,0.55,5.951,93.8,2.8893,5,16.4,21.5,0,0.1049814438191745,5.6240175061873385,2.9402195636237325
0.0,13.89,0,0.55,6.373,92.4,3.3633,5,16.4,23.0,0,0.10818153284452815,5.6240175061873385,2.4423470353692043
0.0,6.2,0,0.507,6.951,88.5,2.8617,8,17.4,26.7,0,0.3060793008727377,5.730099782973574,2.3711778844596574
0.0,6.2,0,0.507,6.164,91.3,3.048,8,17.4,21.7,0,0.341964270612869,5.730099782973574,3.111735949310297
0.0,6.2,0,0.507,6.879,77.7,3.2721,8,17.4,27.5,0,0.4846212690691169,5.730099782973574,2.391511302188447
0.0,6.2,0,0.507,6.618,80.8,3.2721,8,17.4,30.1,0,0.47914918090543834,5.730099782973574,2.151762203259462
0.0,6.2,0,0.504,7.730500000000001,78.3,2.8944,8,17.4,36.962500000000006,0,0.2740875847172427,5.730099782973574,1.6370530794670737
0.0,6.2,0,0.504,7.730500000000001,83.0,2.8944,8,17.4,36.962500000000006,0,0.4232591836664219,5.730099782973574,1.728109442151599
0.0,6.2,0,0.504,7.730500000000001,86.5,3.2157,8,17.4,36.962500000000006,0,0.32363302267493305,5.730099782973574,1.4182774069729414
0.0,6.2,0,0.504,7.163,79.9,3.2157,8,17.4,31.6,0,0.3452762246773023,5.730099782973574,1.9960599327407849
0.0,6.2,0,0.504,7.686,17.0,3.3751,8,17.4,36.962500000000006,0,0.2609709866142154,5.730099782973574,1.5933085305042167
0.0,6.2,0,0.504,6.552,21.4,3.3751,8,17.4,31.5,0,0.36587846134267826,5.730099782973574,1.5602476682433286
0.0,6.2,0,0.504,5.981,68.1,3.6715,8,17.4,24.3,0,0.4298324645564588,5.730099782973574,2.5376572151735295
0.0,6.2,0,0.504,7.412,76.9,3.6715,8,17.4,31.7,0,0.3804617805842404,5.730099782973574,1.8325814637483102
0.0,6.2,0,0.507,7.730500000000001,73.3,3.8384,8,17.4,36.962500000000006,0,0.4544393823124307,5.730099782973574,1.244154593958768
0.0,6.2,0,0.507,7.730500000000001,70.4,3.6519,8,17.4,36.962500000000006,0,0.2862835950379259,5.730099782973574,1.599387576580599
0.0,6.2,0,0.507,6.726,66.5,3.6519,8,17.4,29.0,0,0.37012113733570884,5.730099782973574,2.2027647577118348
0.0,6.2,0,0.507,6.086,61.5,3.6519,8,17.4,24.0,0,0.2855172308722698,5.730099782973574,2.474856313934499
0.0,6.2,0,0.507,6.631,76.5,4.148,8,17.4,25.1,0,0.41909184102282127,5.730099782973574,2.355177543113216
0.0,6.2,0,0.507,7.358,71.6,4.148,8,17.4,31.5,0,0.4133208375737469,5.730099782973574,1.7457155307266483
30.0,4.93,0,0.428,6.481,18.5,6.1899,6,16.6,23.7,0,0.07921775210662887,5.707110264748875,1.9960599327407849
30.0,4.93,0,0.428,6.606,42.2,6.1899,6,16.6,23.3,0,0.08848695445619936,5.707110264748875,2.124653884501384
30.0,4.93,0,0.428,6.897,54.3,6.3361,6,16.6,22.0,0,0.10731959540732398,5.707110264748875,2.5160822672564502
30.0,4.93,0,0.428,6.095,65.1,6.3361,6,16.6,20.1,0,0.10085839631038275,5.707110264748875,2.5952547069568657
30.0,4.93,0,0.428,6.358,52.9,7.0355,6,16.6,22.2,0,0.09794307432996419,5.707110264748875,2.503073953743449
30.0,4.93,0,0.428,6.393,7.8,7.0355,6,16.6,23.7,0,0.12006487472475483,5.707110264748875,1.8229350866965048
22.0,5.86,0,0.431,5.593,76.5,7.9549,7,19.1,17.6,0,0.18737543109663357,5.802118375377063,2.6026896854443837
22.0,5.86,0,0.431,5.605,70.2,7.9549,7,19.1,18.5,0,0.17507033007976175,5.802118375377063,2.968361076757859
22.0,5.86,0,0.431,6.108,34.9,8.0555,7,19.1,24.3,0,0.2925427402430482,5.802118375377063,2.318458442150336
22.0,5.86,0,0.431,6.226,79.2,8.0555,7,19.1,20.5,0,0.1794591306249127,5.802118375377063,2.411439497906128
22.0,5.86,0,0.431,6.433,49.1,7.8265,7,19.1,24.5,0,0.1521973447384029,5.802118375377063,2.3532782073095637
22.0,5.86,0,0.431,6.718,17.5,7.8265,7,19.1,26.2,0,0.17456656442088753,5.802118375377063,2.0228711901914416
22.0,5.86,0,0.431,6.487,13.0,7.3967,7,19.1,24.4,0,0.13129138568117568,5.802118375377063,1.9315214116032138
22.0,5.86,0,0.431,6.438,8.9,7.3967,7,19.1,24.8,0,0.19399482498004605,5.802118375377063,1.5238800240724537
22.0,5.86,0,0.431,6.957,6.8,8.9067,7,19.1,29.6,0,0.07900524661995385,5.802118375377063,1.5107219394949425
22.0,5.86,0,0.431,7.730500000000001,8.4,8.9067,7,19.1,36.962500000000006,0,0.3140367177344588,5.802118375377063,1.5129270120532565
31.25,3.64,0,0.392,6.108,32.0,9.2203,1,16.4,21.9,0,0.04706486717633035,5.755742213586912,2.0241930674493576
31.25,3.64,0,0.392,5.876,19.1,9.2203,1,16.4,20.9,0,0.034865087326079396,5.755742213586912,2.327277705584417
31.25,3.75,0,0.394,7.454,34.2,6.3361,3,15.9,36.962500000000006,0,0.01526292666591237,5.501258210544727,1.413423028508143
20.0,3.97,0,0.647,7.730500000000001,86.9,1.801,5,13.199999999999998,36.962500000000006,0,0.47719024356009226,5.579729825986222,1.8115620965242347
20.0,3.97,0,0.647,7.333,100.0,1.8946,5,13.199999999999998,36.0,0,0.508929827880027,5.579729825986222,2.1736147116970854
20.0,3.97,0,0.647,6.842,100.0,2.0107,5,13.199999999999998,30.1,0,0.5047974910276488,5.579729825986222,2.066862759472976
20.0,3.97,0,0.647,7.203,81.8,2.1121,5,13.199999999999998,33.8,0,0.4318538424460674,5.579729825986222,2.359910159613315
20.0,3.97,0,0.647,7.52,89.4,2.1398,5,13.199999999999998,36.962500000000006,0,0.42795692674339125,5.579729825986222,2.1114245875328868
20.0,3.97,0,0.647,7.730500000000001,91.5,2.2885,5,13.199999999999998,36.962500000000006,0,0.4188024358799136,5.579729825986222,1.9329696377795786
20.0,3.97,0,0.647,7.327,94.5,2.0788,5,13.199999999999998,31.0,0,0.6017224426405977,5.579729825986222,2.505525936990736
20.0,3.97,0,0.647,7.206,91.6,1.9301,5,13.199999999999998,36.5,0,0.4383000912017374,5.579729825986222,2.2082744135228043
20.0,3.97,0,0.647,5.56,62.8,1.9865,5,13.199999999999998,22.8,0,0.5662338402369981,5.579729825986222,2.4379897300002487
20.0,3.97,0,0.647,7.014,84.6,2.1329,5,13.199999999999998,30.7,0,0.579810495220942,5.579729825986222,2.7593768282675506
20.0,3.97,0,0.575,7.730500000000001,67.0,2.4216,5,13.199999999999998,36.962500000000006,0,0.45637366182584765,5.579729825986222,2.132982308607866
20.0,3.97,0,0.575,7.47,52.6,2.872,5,13.199999999999998,36.962500000000006,0,0.43210703905458553,5.579729825986222,1.425515074273172
20.0,6.96,0,0.464,5.92,61.5,3.9175,3,18.6,20.7,0,0.08677384878203846,5.4116460518550396,2.6844403354630764
20.0,6.96,0,0.464,5.856,42.1,4.429,3,18.6,21.1,0,0.26171790177397086,5.4116460518550396,2.6390573296152584
20.0,6.96,0,0.464,6.24,16.3,4.429,3,18.6,25.2,0,0.1502373183211034,5.4116460518550396,2.0268315914075385
20.0,6.96,0,0.464,6.538,58.7,3.9175,3,18.6,24.4,0,0.10849559615329891,5.4116460518550396,2.166765369851511
20.0,6.96,0,0.464,7.691,51.8,4.3665,3,18.6,35.2,0,0.2003906562548323,5.4116460518550396,2.0255131996542803
31.25,6.41,0,0.447,6.758,32.9,4.0776,4,17.6,32.4,0,0.05490476516928596,5.541263545158426,1.5107219394949425
31.25,6.41,0,0.447,6.854,42.8,4.2673,4,17.6,32.0,0,0.09170368421021316,5.541263545158426,1.3812818192963463
31.25,6.41,0,0.447,7.267,49.0,4.7872,4,17.6,33.2,0,0.09956475262374566,5.541263545158426,1.9530276168241774
31.25,6.41,0,0.447,6.826,27.6,4.8628,4,17.6,33.1,0,0.059466304166666525,5.541263545158426,1.6409365794934714
31.25,6.41,0,0.447,6.482,32.1,4.1403,4,17.6,29.1,0,0.07675731668200717,5.541263545158426,2.1029138978649784
20.0,3.33,0,0.4429,6.812,32.2,4.1007,5,14.9,35.1,0,0.19093435989217727,5.37989735354046,1.766441661243765
20.0,3.33,0,0.4429,7.730500000000001,64.5,4.6947,5,14.9,36.962500000000006,0,0.035154766074375454,5.37989735354046,1.5602476682433286
20.0,3.33,0,0.4429,6.968,37.2,5.2447,5,14.9,35.4,0,0.0363801440927505,5.37989735354046,1.7209792871670078
20.0,3.33,0,0.4429,7.645,49.7,5.2119,5,14.9,36.962500000000006,0,0.05948514933476599,5.37989735354046,1.3887912413184778
31.25,1.21,0,0.401,7.730500000000001,24.8,5.885,1,13.6,36.962500000000006,0,0.014898464661966655,5.293304824724492,1.425515074273172
31.25,2.97,0,0.4,7.088,20.8,7.3073,1,15.3,32.2,0,0.00901920442015993,5.655991810819852,2.180417459019838
31.25,2.25,0,0.389,6.453,31.9,7.3073,1,15.3,22.0,0,0.010900374468288253,5.707110264748875,2.222459048514761
31.25,1.76,0,0.385,6.23,31.5,9.0892,1,18.2,20.1,0,0.01945943115621908,5.488937726156687,2.6340447877917144
31.25,5.32,0,0.405,6.209,31.3,7.3172,6,16.6,23.2,0,0.03797955862417436,5.683579767338681,2.096790180014449
31.25,5.32,0,0.405,6.315,45.6,7.3172,6,16.6,22.3,0,0.044877758778085454,5.683579767338681,2.151762203259462
31.25,5.32,0,0.405,6.565,22.9,7.3172,6,16.6,24.8,0,0.04207241242184152,5.683579767338681,2.3523271848888596
31.25,4.95,0,0.411,6.861,27.9,5.1167,4,19.2,28.5,0,0.03442075020213025,5.5053315359323625,1.4655675420143985
31.25,4.95,0,0.411,7.148,27.7,5.1167,4,19.2,36.962500000000006,0,0.07590492808946425,5.5053315359323625,1.5173226235262949
31.25,4.95,0,0.411,6.63,23.4,5.1167,4,19.2,27.9,0,0.03551192100135957,5.5053315359323625,1.7404661748405046
0.0,13.92,0,0.437,6.127,18.4,5.5027,4,16.0,23.9,0,0.07941173942416169,5.66988092298052,2.259677591982769
0.0,13.92,0,0.437,6.009,42.3,5.5027,4,16.0,21.7,0,0.07880193823740345,5.66988092298052,2.4336133554004498
0.0,13.92,0,0.437,6.678,31.1,5.9604,4,16.0,28.6,0,0.12161568167655971,5.66988092298052,1.9837562915454279
0.0,13.92,0,0.437,6.549,51.0,5.9604,4,16.0,27.1,0,0.052326760177767426,5.66988092298052,2.127040520479115
0.0,13.92,0,0.437,5.79,58.0,6.32,4,16.0,20.3,0,0.13193136325997015,5.66988092298052,2.8237570088141806
31.25,2.24,0,0.4,6.345,20.1,7.8278,5,14.8,22.5,0,0.06265549936434228,5.883322388488279,1.7867469274045107
31.25,2.24,0,0.4,7.041,10.0,7.8278,5,14.8,29.0,0,0.054118798887496024,5.883322388488279,1.747459210331475
31.25,2.24,0,0.4,6.871,47.4,7.8278,5,14.8,24.8,0,0.04322231145326899,5.883322388488279,1.9558604799084813
31.25,6.09,0,0.433,6.59,40.4,5.4917,7,16.1,22.0,0,0.03475885075645489,5.799092654460526,2.3513752571634776
31.25,6.09,0,0.433,6.495,18.4,5.4917,7,16.1,26.4,0,0.0886150903536463,5.799092654460526,2.269028309465203
31.25,6.09,0,0.433,6.982,17.7,5.4917,7,16.1,33.1,0,0.09531017980432487,5.799092654460526,1.7681496035889213
31.25,2.18,0,0.472,7.236,41.1,4.022,7,18.4,36.1,0,0.05368293691618483,5.407171771460119,2.0706530356467567
31.25,2.18,0,0.472,6.616,58.1,3.37,7,18.4,28.4,0,0.053341694981823305,5.407171771460119,2.295560478057081
31.25,2.18,0,0.472,7.42,71.9,3.0992,7,18.4,33.4,0,0.07234856816697788,5.407171771460119,2.010894999144726
31.25,2.18,0,0.472,6.849,70.3,3.1827,7,18.4,28.2,0,0.04814233532601414,5.407171771460119,2.143589361503588
0.0,9.9,0,0.544,6.635,82.5,3.3175,4,18.4,22.8,0,0.4007741226200408,5.720311776607412,1.7119945007591924
0.0,9.9,0,0.544,5.972,76.7,3.1025,4,18.4,20.3,0,0.29966004921118794,5.720311776607412,2.395164274287139
0.0,9.9,0,0.544,4.973,37.8,2.5194,4,18.4,16.1,0,1.290741151786282,5.720311776607412,2.613006652415316
0.0,9.9,0,0.544,6.122,52.8,2.6403,4,18.4,22.1,0,0.5824446439039829,5.720311776607412,1.9430489167742813
0.0,9.9,0,0.544,6.023,90.4,2.834,4,18.4,19.4,0,0.2324520921057716,5.720311776607412,2.543175557911976
0.0,9.9,0,0.544,6.266,82.8,3.2628,4,18.4,21.6,0,0.23852859229108633,5.720311776607412,2.186051276738094
0.0,9.9,0,0.544,6.567,87.3,3.6023,4,18.4,23.8,0,0.3142266276738932,5.720311776607412,2.330200260027019
0.0,9.9,0,0.544,5.705,77.7,3.945,4,18.4,16.2,0,0.22598750344594104,5.720311776607412,2.5257286443082556
0.0,9.9,0,0.544,5.914,83.2,3.9986,4,18.4,17.8,0,0.27632027094240774,5.720311776607412,2.9616582932202395
0.0,9.9,0,0.544,5.782,71.7,4.0317,4,18.4,19.8,0,0.21931222113316776,5.720311776607412,2.8296776892239084
0.0,9.9,0,0.544,6.382,67.2,3.5325,4,18.4,23.1,0,0.3379140538458848,5.720311776607412,2.4300984132930052
0.0,9.9,0,0.544,6.113,58.8,4.0019,4,18.4,21.0,0,0.3889765831033406,5.720311776607412,2.6195832197798796
0.0,7.38,0,0.493,6.426,52.3,4.5404,5,19.6,23.8,0,0.15495035999782264,5.662960480135946,2.1041341542702074
0.0,7.38,0,0.493,6.376,54.3,4.5404,5,19.6,23.1,0,0.1668609890983406,5.662960480135946,2.063058062429312
0.0,7.38,0,0.493,6.041,49.9,4.7211,5,19.6,20.4,0,0.3009486805521662,5.662960480135946,2.163323025660538
0.0,7.38,0,0.493,5.708,74.3,4.7211,5,19.6,18.5,0,0.24991789803076372,5.662960480135946,2.5447466501440172
0.0,7.38,0,0.493,6.415,40.1,4.7211,5,19.6,25.0,0,0.29348271614145116,5.662960480135946,1.9629077254238845
0.0,7.38,0,0.493,6.431,14.7,5.4159,5,19.6,24.6,0,0.17551511208097656,5.662960480135946,1.8050046959780757
0.0,7.38,0,0.493,6.312,28.9,5.4159,5,19.6,23.0,0,0.26502993916684736,5.662960480135946,1.9671123567059163
0.0,7.38,0,0.493,6.083,43.7,5.4159,5,19.6,22.2,0,0.21594167998346536,5.662960480135946,2.6239436918052106
0.0,3.24,0,0.46,5.868,25.8,5.2146,4,16.9,19.3,0,0.06407278770058891,6.066108090103747,2.395164274287139
0.0,3.24,0,0.46,6.333,17.2,5.2146,4,16.9,22.6,0,0.06507587673618768,6.066108090103747,2.1210632163706555
0.0,3.24,0,0.46,6.144,32.2,5.8736,4,16.9,19.8,0,0.04443784943056829,6.066108090103747,2.3115448343655176
31.25,6.06,0,0.4379,5.706,28.4,6.6407,1,16.9,17.1,0,0.049009187801052775,5.720311776607412,2.5974910105351463
31.25,6.06,0,0.4379,6.031,23.3,6.6407,1,16.9,19.4,0,0.03407287033313542,5.720311776607412,2.178155014615869
0.0,5.19,0,0.515,6.316,38.1,6.4584,5,20.2,22.2,0,0.049580328098150495,5.41610040220442,1.8991179875485542
0.0,5.19,0,0.515,6.31,38.5,6.4584,5,20.2,20.7,0,0.03669830378267371,5.41610040220442,2.0476928433652555
0.0,5.19,0,0.515,6.037,34.5,5.9853,5,20.2,21.1,0,0.03884564282319823,5.41610040220442,2.1983350716202463
0.0,5.19,0,0.515,5.869,46.3,5.2311,5,20.2,19.5,0,0.03369586385672553,5.41610040220442,2.379546134130174
0.0,5.19,0,0.515,5.895,59.6,5.615,5,20.2,18.5,0,0.029956781289803308,5.41610040220442,2.4475508632442313
0.0,5.19,0,0.515,6.059,37.3,4.8122,5,20.2,20.6,0,0.032525271703396835,5.41610040220442,2.252343876557299
0.0,5.19,0,0.515,5.985,45.4,4.8122,5,20.2,19.0,0,0.05351233050476122,5.41610040220442,2.3739750890807185
0.0,5.19,0,0.515,5.968,58.5,4.8122,5,20.2,18.7,0,0.059692422747982164,5.41610040220442,2.331172549845958
31.25,1.52,0,0.442,7.241,49.3,7.0379,1,15.5,32.7,0,0.012926096886133677,5.652489180268651,1.8702625307159986
0.0,1.89,0,0.518,6.54,59.7,6.2669,1,15.9,16.5,0,0.024673100204884193,6.0473721790462776,2.2669579153508947
31.25,3.78,0,0.484,6.696,56.4,5.7321,5,17.6,23.9,0,0.025112036814854834,5.916202062607435,2.1016921506146558
31.25,3.78,0,0.484,6.874,28.1,6.4654,5,17.6,31.2,0,0.030034417274121015,5.916202062607435,1.724550719534605
0.0,4.39,0,0.442,6.014,48.5,8.0136,3,18.8,17.5,0,0.030655288259616865,5.8664680569332965,2.4449523342809676
0.0,4.39,0,0.442,5.898,52.3,8.0136,3,18.8,17.2,0,0.05979604334596572,5.8664680569332965,2.6152036507358583
31.25,4.15,0,0.429,6.516,27.7,8.5353,4,17.9,23.1,0,0.018527304613883622,5.863631175598097,1.9960599327407849
31.25,2.01,0,0.435,6.635,29.7,8.344,4,17.0,24.5,0,0.014898464661966655,5.638354669333745,1.944480556245719
31.25,1.25,0,0.429,6.939,34.5,8.7921,1,19.7,26.6,0,0.028577738631707327,5.817111159963204,1.9300710850255671
31.25,1.25,0,0.429,6.49,44.4,8.7921,1,19.7,22.9,0,0.06025749561032605,5.817111159963204,1.9430489167742813
31.25,1.69,0,0.411,6.579,35.9,9.820800000000002,4,18.3,24.1,0,0.07649797097272498,6.021023349349527,1.8702625307159986
31.25,1.69,0,0.411,5.884,18.5,9.820800000000002,4,18.3,18.6,0,0.06993642619916386,6.021023349349527,2.1736147116970854
31.25,2.02,0,0.41,6.728,36.1,9.820800000000002,5,17.0,30.1,0,0.016945608726141724,5.236441962829949,1.7047480922384253
31.25,1.91,0,0.413,5.663,21.9,9.820800000000002,4,22.0,18.2,0,0.042110763700381956,5.814130531825066,2.2027647577118348
31.25,1.91,0,0.413,5.936,19.5,9.820800000000002,4,22.0,20.6,0,0.10128321475208404,5.814130531825066,1.8825138324965192
0.0,18.1,0,0.77,6.212,97.4,2.1222,24,20.2,17.8,0,2.3008796395346813,6.502790045915623,2.9231615807191558
0.0,18.1,0,0.77,6.395,91.0,2.5052,24,20.2,21.7,0,1.578916847366148,6.502790045915623,2.658159431488745
0.0,18.1,0,0.77,6.127,83.4,2.7227,24,20.2,22.7,0,1.8248347351792473,6.502790045915623,2.5241273629412815
0.0,18.1,0,0.77,6.112,81.3,2.5091,24,20.2,22.6,0,1.6603800451716153,6.502790045915623,2.6152036507358583
0.0,18.1,0,0.77,6.398,88.0,2.5182,24,20.2,25.0,0,1.7123410111146564,6.502790045915623,2.1736147116970854
0.0,18.1,0,0.77,6.251,91.1,2.2955,24,20.2,19.9,0,1.5762616149393935,6.502790045915623,2.7206373166076814
0.0,18.1,0,0.77,5.362,96.2,2.1036,24,20.2,20.8,0,1.5429176957008952,6.502790045915623,2.4150205223238337
0.0,18.1,0,0.77,5.803,89.0,1.9047,24,20.2,16.8,0,1.6529551515173315,6.502790045915623,2.7498317351171653
0.0,18.1,0,0.718,7.730500000000001,82.9,1.9047,24,20.2,21.9,0,1.4983454449272653,6.502790045915623,1.8389610707123492
0.0,18.1,0,0.718,4.778499999999999,87.9,1.6132,24,20.2,27.5,0,1.7148550264902072,6.502790045915623,2.0943301541735866
0.0,18.1,0,0.718,4.963,91.4,1.7523,24,20.2,21.9,0,1.5469133618955864,6.502790045915623,2.70805020110221
0.0,18.1,0,0.631,4.778499999999999,100.0,1.5106,24,20.2,23.1,0,2.3095248322041675,6.502790045915623,2.6623552418400807
0.0,18.1,0,0.631,4.97,100.0,1.3325,24,20.2,36.962500000000006,0,1.7746506104773532,6.502790045915623,1.449269160281279
0.0,18.1,0,0.631,6.683,96.8,1.3567,24,20.2,36.962500000000006,0,1.8976168614222872,6.502790045915623,1.5539252025038417
0.0,18.1,0,0.631,7.016,97.5,1.2024,24,20.2,36.962500000000006,0,2.020057712262034,6.502790045915623,1.3762440252663892
0.0,18.1,0,0.631,6.216,100.0,1.1691,24,20.2,36.962500000000006,0,2.3095248322041675,6.502790045915623,2.354228326145884
0.0,18.1,0,0.668,5.875,89.6,1.1296,24,20.2,36.962500000000006,0,2.226486679687524,6.502790045915623,2.2905125117597764
0.0,18.1,0,0.668,4.906,100.0,1.1742,24,20.2,13.8,0,2.3095248322041675,6.502790045915623,3.495370551679405
0.0,18.1,0,0.668,4.778499999999999,100.0,1.137,24,20.2,13.8,0,2.3095248322041675,6.502790045915623,3.495370551679405
0.0,18.1,0,0.671,7.313,97.9,1.3163,24,20.2,15.0,0,2.3095248322041675,6.502790045915623,2.67000213346468
0.0,18.1,0,0.671,6.649,93.3,1.3449,24,20.2,13.9,0,2.3095248322041675,6.502790045915623,3.1880041612011136
0.0,18.1,0,0.671,6.794,98.8,1.358,24,20.2,13.3,0,2.3095248322041675,6.502790045915623,3.1018924693823817
0.0,18.1,0,0.671,6.38,96.2,1.3861,24,20.2,13.1,0,2.3095248322041675,6.502790045915623,3.206398303357088
0.0,18.1,0,0.671,6.223,100.0,1.3861,24,20.2,10.2,0,2.3095248322041675,6.502790045915623,3.125882958019036
0.0,18.1,0,0.671,6.968,91.9,1.4165,24,20.2,10.4,0,2.3095248322041675,6.502790045915623,2.9019708937395166
0.0,18.1,0,0.671,6.545,99.1,1.5192,24,20.2,10.9,0,2.3095248322041675,6.502790045915623,3.0946722214088944
0.0,18.1,0,0.7,5.536,100.0,1.5804,24,20.2,11.3,0,2.3095248322041675,6.502790045915623,3.202746442938317
0.0,18.1,0,0.7,5.52,100.0,1.5331,24,20.2,12.3,0,2.19638867250955,6.502790045915623,3.241028629509334
0.0,18.1,0,0.7,4.778499999999999,91.2,1.4395,24,20.2,8.8,0,2.3095248322041675,6.502790045915623,3.4541060373175574
0.0,18.1,0,0.7,5.277,98.1,1.4261,24,20.2,7.2,0,2.3095248322041675,6.502790045915623,3.4597807057610526
0.0,18.1,0,0.7,4.778499999999999,100.0,1.4672,24,20.2,10.5,0,2.3095248322041675,6.502790045915623,3.3769046890931107
0.0,18.1,0,0.7,5.0,89.5,1.5184,24,20.2,7.4,0,2.3095248322041675,6.502790045915623,3.495370551679405
0.0,18.1,0,0.7,4.88,100.0,1.5895,24,20.2,10.2,0,2.3095248322041675,6.502790045915623,3.453789831781326
0.0,18.1,0,0.7,5.39,98.9,1.7281,24,20.2,11.5,0,2.213944025142987,6.502790045915623,3.084200921541599
0.0,18.1,0,0.7,5.713,97.0,1.9265,24,20.2,15.1,0,2.0746990638882306,6.502790045915623,2.896464271895322
0.0,18.1,0,0.7,6.051,82.5,2.1678,24,20.2,23.2,0,1.8394458498493202,6.502790045915623,2.983659692319722
0.0,18.1,0,0.7,5.036,97.0,1.77,24,20.2,9.7,0,2.3095248322041675,6.502790045915623,3.283914221047423
0.0,18.1,0,0.693,6.193,92.6,1.7912,24,20.2,13.8,0,2.266414762688843,6.502790045915623,2.783157673589016
0.0,18.1,0,0.693,5.887,94.7,1.7821,24,20.2,12.7,0,2.3095248322041675,6.502790045915623,2.8535925063928684
0.0,18.1,0,0.693,6.471,98.8,1.7257,24,20.2,13.1,0,2.273851200420946,6.502790045915623,2.8970163006148333
0.0,18.1,0,0.693,6.405,96.0,1.6768,24,20.2,12.5,0,1.9274624605576969,6.502790045915623,3.0140632302387145
0.0,18.1,0,0.693,5.747,98.9,1.6334,24,20.2,8.5,0,2.160101750967694,6.502790045915623,3.040705639196722
0.0,18.1,0,0.693,5.453,100.0,1.4896,24,20.2,5.0624999999999964,0,2.3095248322041675,6.502790045915623,3.4528406148139936
0.0,18.1,0,0.693,5.852,77.8,1.5004,24,20.2,6.3,0,2.3095248322041675,6.502790045915623,3.4330189939851112
0.0,18.1,0,0.693,5.987,100.0,1.5888,24,20.2,5.6,0,2.3095248322041675,6.502790045915623,3.323956301318708
0.0,18.1,0,0.693,6.343,100.0,1.5741,24,20.2,7.2,0,2.3095248322041675,6.502790045915623,3.0596455992976437
0.0,18.1,0,0.693,6.404,100.0,1.639,24,20.2,12.1,0,2.3095248322041675,6.502790045915623,3.0591764461105257
0.0,18.1,0,0.693,5.349,96.0,1.7028,24,20.2,8.3,0,2.3095248322041675,6.502790045915623,3.033509637888021
0.0,18.1,0,0.693,5.531,85.4,1.6074,24,20.2,8.5,0,2.3095248322041675,6.502790045915623,3.3456846717318967
0.0,18.1,0,0.693,5.683,100.0,1.4254,24,20.2,5.0624999999999964,0,2.3095248322041675,6.502790045915623,3.177220149599368
0.0,18.1,0,0.659,4.778499999999999,100.0,1.1781,24,20.2,11.9,0,2.3095248322041675,6.502790045915623,3.1921210875593813
0.0,18.1,0,0.659,5.608,100.0,1.2852,24,20.2,27.9,0,2.3095248322041675,6.502790045915623,2.574899688314705
0.0,18.1,0,0.597,5.617,97.9,1.4547,24,20.2,17.2,0,2.1286946938918567,6.502790045915623,3.3105430133940246
0.0,18.1,0,0.597,6.852,100.0,1.4655,24,20.2,27.5,0,2.3095248322041675,6.502790045915623,3.0339909856710814
0.0,18.1,0,0.597,5.757,100.0,1.413,24,20.2,15.0,0,2.3095248322041675,6.502790045915623,2.4078456036515385
0.0,18.1,0,0.597,6.657,100.0,1.5275,24,20.2,17.2,0,2.3095248322041675,6.502790045915623,3.100992784211484
0.0,18.1,0,0.597,4.778499999999999,100.0,1.5539,24,20.2,17.9,0,2.3095248322041675,6.502790045915623,3.495370551679405
0.0,18.1,0,0.597,5.155,100.0,1.5894,24,20.2,16.3,0,2.3095248322041675,6.502790045915623,3.0483247236731614
0.0,18.1,0,0.693,4.778499999999999,100.0,1.6582,24,20.2,7.0,0,2.3095248322041675,6.502790045915623,3.495370551679405
0.0,18.1,0,0.679,6.434,100.0,1.8347,24,20.2,7.2,0,2.3095248322041675,6.502790045915623,3.4028626609812167
0.0,18.1,0,0.679,6.782,90.8,1.8195,24,20.2,7.5,0,2.3095248322041675,6.502790045915623,3.2880286835565173
0.0,18.1,0,0.679,5.304,89.1,1.6475,24,20.2,10.4,0,2.3095248322041675,6.502790045915623,3.319263998899469
0.0,18.1,0,0.679,5.957,100.0,1.8026,24,20.2,8.8,0,2.3095248322041675,6.502790045915623,3.073618812211062
0.0,18.1,0,0.718,6.824,76.5,1.794,24,20.2,8.4,0,2.3095248322041675,6.502790045915623,3.167161389181522
0.0,18.1,0,0.718,6.411,100.0,1.8589,24,20.2,16.7,0,2.3095248322041675,6.502790045915623,2.7738379416402132
0.0,18.1,0,0.718,6.006,95.3,1.8746,24,20.2,14.2,0,2.0822613123870632,6.502790045915623,2.8154087194227095
0.0,18.1,0,0.614,5.648,87.6,1.9512,24,20.2,20.8,0,2.3095248322041675,6.502790045915623,2.714694743820879
0.0,18.1,0,0.614,6.103,85.1,2.0218,24,20.2,13.4,0,2.085724263982504,6.502790045915623,3.190064743014081
0.0,18.1,0,0.584,5.565,70.6,2.0635,24,20.2,11.7,0,2.2815779805968406,6.502790045915623,2.8992213731731473
0.0,18.1,0,0.679,5.896,95.4,1.9096,24,20.2,8.3,0,2.3095248322041675,6.502790045915623,3.234355395716587
0.0,18.1,0,0.584,5.837,59.7,1.9976,24,20.2,10.2,0,2.3095248322041675,6.502790045915623,2.8148097376737438
0.0,18.1,0,0.679,6.202,78.7,1.8629,24,20.2,10.9,0,2.3095248322041675,6.502790045915623,2.7421295147550726
0.0,18.1,0,0.679,6.193,78.1,1.9356,24,20.2,11.0,0,2.1243085441136205,6.502790045915623,3.1144038032714896
0.0,18.1,0,0.679,6.38,95.6,1.9682,24,20.2,9.5,0,2.3095248322041675,6.502790045915623,3.22207071576472
0.0,18.1,0,0.584,6.348,86.1,2.0527,24,20.2,14.5,0,2.2504630342235155,6.502790045915623,2.925309809257445
0.0,18.1,0,0.584,6.833,94.3,2.0882,24,20.2,14.1,0,2.3095248322041675,6.502790045915623,3.029650491757452
0.0,18.1,0,0.584,6.425,74.8,2.2004,24,20.2,16.1,0,2.0074150555763612,6.502790045915623,2.567254391136754
0.0,18.1,0,0.713,6.436,87.9,2.3158,24,20.2,14.3,0,1.8841973460987684,6.502790045915623,2.8460714989995846
0.0,18.1,0,0.713,6.208,95.0,2.2222,24,20.2,11.7,0,2.3095248322041675,6.502790045915623,2.783157673589016
0.0,18.1,0,0.74,6.629,94.6,2.1247,24,20.2,13.4,0,2.3095248322041675,6.502790045915623,3.18924101973851
0.0,18.1,0,0.74,6.461,93.3,2.0026,24,20.2,9.6,0,2.3095248322041675,6.502790045915623,2.94706710157271
0.0,18.1,0,0.74,6.152,100.0,1.9142,24,20.2,8.7,0,2.3095248322041675,6.502790045915623,3.3123661679555396
0.0,18.1,0,0.74,5.935,87.9,1.8206,24,20.2,8.4,0,2.3095248322041675,6.502790045915623,3.495370551679405
0.0,18.1,0,0.74,5.627,93.9,1.8172,24,20.2,12.8,0,2.3095248322041675,6.502790045915623,3.1730412885244013
0.0,18.1,0,0.74,5.818,92.4,1.8662,24,20.2,10.5,0,2.3095248322041675,6.502790045915623,3.1402654242862895
0.0,18.1,0,0.74,6.406,97.2,2.0651,24,20.2,17.1,0,2.3095248322041675,6.502790045915623,3.021400020302569
0.0,18.1,0,0.74,6.219,100.0,2.0048,24,20.2,18.4,0,1.8970754838957269,6.502790045915623,2.8673305587494666
0.0,18.1,0,0.74,6.485,100.0,1.9784,24,20.2,15.4,0,2.3095248322041675,6.502790045915623,2.9882040071331994
0.0,18.1,0,0.74,5.854,96.6,1.8956,24,20.2,10.8,0,2.3095248322041675,6.502790045915623,3.210440346047099
0.0,18.1,0,0.74,6.459,94.8,1.9879,24,20.2,11.8,0,2.3095248322041675,6.502790045915623,3.2180755046974316
0.0,18.1,0,0.74,6.341,96.4,2.072,24,20.2,14.9,0,1.9862387647413884,6.502790045915623,2.933324813425374
0.0,18.1,0,0.74,6.251,96.6,2.198,24,20.2,12.6,0,2.3095248322041675,6.502790045915623,2.8587664184808337
0.0,18.1,0,0.713,6.185,98.7,2.2616,24,20.2,14.1,0,2.3095248322041675,6.502790045915623,2.9512577834521614
0.0,18.1,0,0.713,6.417,98.3,2.185,24,20.2,13.0,0,2.143121491225277,6.502790045915623,3.011113375592293
0.0,18.1,0,0.713,6.749,92.6,2.3236,24,20.2,13.4,0,2.0435189836286223,6.502790045915623,2.914522218128448
0.0,18.1,0,0.713,6.655,98.2,2.3552,24,20.2,15.2,0,1.862705543083853,6.502790045915623,2.930126516455997
0.0,18.1,0,0.713,6.297,91.8,2.3682,24,20.2,16.1,0,1.8066759959463214,6.502790045915623,2.9052603703899154
0.0,18.1,0,0.713,7.393,99.3,2.4527,24,20.2,17.8,0,2.224417043716578,6.502790045915623,2.8758219768814333
0.0,18.1,0,0.713,6.728,94.1,2.4961,24,20.2,14.9,0,2.3095248322041675,6.502790045915623,2.9811261211646287
0.0,18.1,0,0.713,6.525,86.5,2.4358,24,20.2,14.1,0,1.749611943801969,6.502790045915623,2.9512577834521614
0.0,18.1,0,0.713,5.976,87.9,2.5806,24,20.2,12.7,0,1.7349827472403847,6.502790045915623,2.996232148595642
0.0,18.1,0,0.713,5.936,80.3,2.7792,24,20.2,13.5,0,2.219266525546099,6.502790045915623,2.88703285663065
0.0,18.1,0,0.713,6.301,83.7,2.7831,24,20.2,14.9,0,2.1693085250418154,6.502790045915623,2.8466520505398383
0.0,18.1,0,0.713,6.081,84.4,2.7175,24,20.2,20.0,0,2.0542737224466707,6.502790045915623,2.7536607123542622
0.0,18.1,0,0.713,6.701,90.0,2.5975,24,20.2,16.4,0,1.7599471129733726,6.502790045915623,2.857618971424357
0.0,18.1,0,0.713,6.376,88.4,2.5671,24,20.2,17.7,0,1.546095475702301,6.502790045915623,2.750470916986162
0.0,18.1,0,0.713,6.317,83.0,2.7344,24,20.2,19.5,0,2.035348578369212,6.502790045915623,2.7073833121145063
0.0,18.1,0,0.713,6.513,89.9,2.8016,24,20.2,20.2,0,1.9200280793412094,6.502790045915623,2.4239173781615704
0.0,18.1,0,0.655,6.209,65.4,2.9634,24,20.2,21.4,0,2.1792099506138976,6.502790045915623,2.6546494243750947
0.0,18.1,0,0.655,5.759,48.2,3.0665,24,20.2,19.9,0,1.4263800846591763,6.502790045915623,2.7166795278002644
0.0,18.1,0,0.655,5.952,84.7,2.8715,24,20.2,19.0,0,1.5633897854422463,6.502790045915623,2.8986705607108596
0.0,18.1,0,0.584,6.003,94.5,2.5403,24,20.2,19.1,0,1.690516391203815,6.502790045915623,3.1054831375131102
0.0,18.1,0,0.58,5.926,71.0,2.9084,24,20.2,19.1,0,2.3095248322041675,6.502790045915623,2.9512577834521614
0.0,18.1,0,0.58,5.713,56.7,2.8237,24,20.2,20.1,0,2.3095248322041675,6.502790045915623,2.757475084429733
0.0,18.1,0,0.58,6.167,84.0,3.0334,24,20.2,19.9,0,1.6768703671037264,6.502790045915623,2.850128299695199
0.0,18.1,0,0.532,6.229,90.7,3.0993,24,20.2,19.6,0,1.6170905561197193,6.502790045915623,2.6297282343267403
0.0,18.1,0,0.58,6.437,75.0,2.8965,24,20.2,23.2,0,1.5192243229211484,6.502790045915623,2.731766727719526
0.0,18.1,0,0.614,6.98,67.6,2.5329,24,20.2,29.8,0,1.7311049511313974,6.502790045915623,2.5384474167160302
0.0,18.1,0,0.584,5.427,95.4,2.4298,24,20.2,13.8,0,2.203404332146021,6.502790045915623,2.9517803860248084
0.0,18.1,0,0.584,6.162,97.4,2.206,24,20.2,13.3,0,2.000549838013637,6.502790045915623,3.2228678461377385
0.0,18.1,0,0.614,6.484,93.6,2.3053,24,20.2,16.7,0,1.7700948094248417,6.502790045915623,2.9796028916241073
0.0,18.1,0,0.614,5.304,97.3,2.1007,24,20.2,12.0,0,2.3095248322041675,6.502790045915623,3.2546289945740186
0.0,18.1,0,0.614,6.185,96.7,2.1705,24,20.2,14.6,0,2.3095248322041675,6.502790045915623,2.946016681308058
0.0,18.1,0,0.614,6.229,88.0,1.9512,24,20.2,21.4,0,2.3095248322041675,6.502790045915623,2.6468837658647226
0.0,18.1,0,0.532,6.242,64.7,3.4242,24,20.2,23.0,0,1.9204472756044826,6.502790045915623,2.4630018143999504
0.0,18.1,0,0.532,6.75,74.9,3.3317,24,20.2,23.7,0,1.9033276772324317,6.502790045915623,2.167910189667444
0.0,18.1,0,0.532,7.061,77.0,3.4106,24,20.2,25.0,0,1.9067474913596385,6.502790045915623,2.080690761080268
0.0,18.1,0,0.532,5.762,40.3,4.0983,24,20.2,21.8,0,1.3398262488998969,6.502790045915623,2.435366204227864
0.0,18.1,0,0.583,5.871,41.9,3.724,24,20.2,20.6,0,1.2174525430495582,6.502790045915623,2.663052835171474
0.0,18.1,0,0.583,6.312,51.9,3.9917,24,20.2,21.2,0,1.5419446302865207,6.502790045915623,2.449279472144849
0.0,18.1,0,0.583,6.114,79.8,3.5459,24,20.2,19.1,0,1.9008754243872985,6.502790045915623,2.7713379403381286
0.0,18.1,0,0.583,5.905,53.2,3.1523,24,20.2,20.6,0,1.763989083482614,6.502790045915623,2.5217206229107165
0.0,27.74,0,0.609,5.454,92.7,1.8209,4,20.1,15.2,0,0.14050948897951462,6.568077911411976,2.947591898226056
0.0,27.74,0,0.609,5.414,98.3,1.7554,4,20.1,7.0,0,0.16836630025465413,6.568077911411976,3.217675104291682
0.0,27.74,0,0.609,5.093,98.0,1.8226,4,20.1,8.1,0,0.18851897970190706,6.568077911411976,3.4236109764990554
0.0,27.74,0,0.609,5.983,98.8,1.8681,4,20.1,13.6,0,0.10051479408986369,6.568077911411976,2.9481164196123277
0.0,27.74,0,0.609,5.983,83.5,2.1099,4,20.1,20.1,0,0.10554849798804089,6.568077911411976,2.66374994220563
0.0,9.69,0,0.585,5.707,54.0,2.3817,6,19.2,21.8,0,0.1598288143805233,5.971261839790462,2.565718292524414
0.0,9.69,0,0.585,5.926,42.6,2.3817,6,19.2,24.5,0,0.24652408399188336,5.971261839790462,2.6803363625346943
0.0,9.69,0,0.585,5.67,28.8,2.7986,6,19.2,23.1,0,0.16465813975505655,5.971261839790462,2.9231615807191558
0.0,9.69,0,0.585,5.39,72.9,2.7986,6,19.2,19.7,0,0.2543320927702268,5.971261839790462,3.0973859272804907
0.0,9.69,0,0.585,5.794,70.6,2.8927,6,19.2,18.3,0,0.23774049566117803,5.971261839790462,2.714694743820879
0.0,9.69,0,0.585,6.019,65.3,2.4091,6,19.2,21.2,0,0.21440145025736632,5.971261839790462,2.6333266549062735
0.0,9.69,0,0.585,5.569,73.5,2.3999,6,19.2,17.5,0,0.16367376242147158,5.971261839790462,2.7788192719904172
0.0,9.69,0,0.585,6.027,79.7,2.4982,6,19.2,16.8,0,0.2024345934245115,5.971261839790462,2.7298116928837226
0.0,11.93,0,0.573,6.593,69.1,2.4786,1,21.0,22.4,0,0.06074696727310071,5.6131281063880705,2.367436065313662
0.0,11.93,0,0.573,6.12,76.7,2.2875,1,21.0,20.6,0,0.0442752252499075,5.6131281063880705,2.3105532626432224
0.0,11.93,0,0.573,6.976,91.0,2.1675,1,21.0,23.9,0,0.058985632347870916,5.6131281063880705,1.8931119634883424
0.0,11.93,0,0.573,6.794,89.3,2.3889,1,21.0,22.0,0,0.10399057772120508,5.6131281063880705,2.012232791986386
0.0,11.93,0,0.573,6.03,80.8,2.505,1,21.0,11.9,0,0.04632045026850427,5.6131281063880705,2.1838015570040787
